{"stat.beaconInteraction":4,"stat.useItem.minecraft.quartz_block":22830,"stat.useItem.minecraft.painting":2088,"stat.pickup.minecraft.wooden_slab":2,"stat.leaveGame":609,"stat.useItem.minecraft.bookshelf":15,"stat.useItem.minecraft.glowstone":2832,"stat.drop.minecraft.trapdoor":2,"stat.useItem.minecraft.planks":6796,"stat.drop.minecraft.wooden_door":4,"stat.pickup.minecraft.porkchop":9,"stat.useItem.minecraft.red_sandstone_stairs":2,"stat.pickup.minecraft.leaves2":1,"stat.useItem.minecraft.water_bucket":401,"stat.pickup.minecraft.hardened_clay":1,"stat.useItem.minecraft.sandstone_stairs":113,"stat.killEntity.Donkey":1,"stat.useItem.minecraft.vine":99,"stat.drop.minecraft.hardened_clay":1,"stat.useItem.minecraft.rail":31,"stat.aviateOneCm":18499,"stat.useItem.minecraft.anvil":348,"stat.pickup.minecraft.stained_hardened_clay":3,"stat.useItem.minecraft.hardened_clay":17,"stat.useItem.minecraft.oak_stairs":732,"stat.furnaceInteraction":2,"stat.drop.minecraft.spruce_door":1,"stat.useItem.minecraft.dark_oak_stairs":236,"stat.drop.minecraft.red_flower":1,"stat.drop.minecraft.stone_slab":9,"stat.pickup.minecraft.filled_map":1,"stat.useItem.minecraft.double_plant":257,"stat.pickup.minecraft.beef":11,"stat.drop.minecraft.stained_hardened_clay":9,"stat.useItem.minecraft.red_sandstone":4,"achievement.mineWood":2,"stat.pickup.minecraft.cauldron":4,"stat.useItem.minecraft.trapdoor":192,"stat.useItem.minecraft.stained_glass":10934,"stat.useItem.minecraft.fence":1,"stat.useItem.minecraft.stone_stairs":242,"stat.pickup.minecraft.acacia_door":8,"stat.useItem.minecraft.dark_oak_door":33,"stat.useItem.minecraft.acacia_fence":5,"stat.killEntity.Horse":6,"achievement.openInventory":6739,"stat.useItem.minecraft.cauldron":229,"stat.useItem.minecraft.flint_and_steel":393,"stat.useItem.minecraft.wooden_button":1,"stat.useItem.minecraft.hopper":9,"stat.useItem.minecraft.dye":4196,"stat.pickup.minecraft.egg":6,"stat.playOneMinute":10723358,"stat.useItem.minecraft.jungle_stairs":239,"stat.pickup.minecraft.sea_lantern":2,"stat.pickup.minecraft.item_frame":6,"stat.chestOpened":20,"stat.pickup.minecraft.spruce_door":1,"stat.useItem.minecraft.stone":30475,"stat.useItem.minecraft.jungle_fence":94,"stat.useItem.minecraft.sponge":217,"stat.useItem.minecraft.clay":1269,"stat.fallOneCm":484,"stat.drop.minecraft.stone":8,"stat.drop.minecraft.dye":1,"stat.useItem.minecraft.trapped_chest":25,"stat.crouchOneCm":57395,"stat.drop.minecraft.gold_ore":9,"stat.pickup.minecraft.painting":12,"stat.craftingTableInteraction":5,"stat.drop.minecraft.stained_glass_pane":2,"stat.pickup.minecraft.heavy_weighted_pressure_plate":2,"stat.useItem.minecraft.light_blue_shulker_box":1,"stat.drop.minecraft.leaves2":3,"stat.useItem.minecraft.dark_oak_fence":560,"stat.pickup.minecraft.feather":12,"stat.useItem.minecraft.furnace":4,"stat.pickup.minecraft.dye":1,"stat.pickup.minecraft.planks":8,"stat.drop.minecraft.carpet":11,"stat.useItem.minecraft.wool":13427,"stat.useItem.minecraft.iron_bars":2721,"stat.flowerPotted":74,"stat.mineBlock.minecraft.monster_egg":7,"stat.pickup.minecraft.brewing_stand":1,"stat.drop.minecraft.stone_brick_stairs":1,"stat.drop.minecraft.brewing_stand":1,"stat.useItem.minecraft.log":989,"stat.useItem.minecraft.cobblestone":65,"stat.useItem.minecraft.gravel":3458,"stat.pickup.minecraft.log":2,"stat.drop.minecraft.sign":2,"stat.useItem.minecraft.jungle_fence_gate":2,"stat.drop.minecraft.coal_ore":1,"stat.drop.minecraft.stonebrick":2,"stat.drop.minecraft.iron_ore":4,"stat.pickup.minecraft.tallgrass":1,"stat.drop.minecraft.planks":7,"stat.drop.minecraft.sapling":3,"stat.pickup.minecraft.chicken":9,"stat.pickup.minecraft.sapling":44,"stat.pickup.minecraft.wooden_door":13,"stat.useItem.minecraft.tallgrass":550,"stat.pickup.minecraft.apple":3,"stat.drop.minecraft.clay":2,"stat.pickup.minecraft.banner":1,"stat.useItem.minecraft.glass_pane":47,"stat.useItem.minecraft.jungle_door":4,"stat.drop.minecraft.acacia_door":2,"stat.useItem.minecraft.stonebrick":6929,"stat.useItem.minecraft.wooden_door":322,"stat.useItem.minecraft.monster_egg":1273,"stat.useItem.minecraft.spruce_door":4,"stat.pickup.minecraft.iron_door":2,"stat.sneakTime":73901,"stat.pickup.minecraft.wool":13,"stat.drop.minecraft.sea_lantern":3,"stat.pickup.minecraft.stone_slab":7,"stat.useItem.minecraft.brewing_stand":8,"stat.drop.minecraft.grass":7,"stat.pickup.minecraft.tripwire_hook":8,"stat.pickup.minecraft.redstone_torch":1,"stat.pickup.minecraft.stone_pressure_plate":2,"stat.useItem.minecraft.repeater":1,"stat.drop.minecraft.tripwire_hook":3,"stat.useItem.minecraft.beacon":272,"stat.useItem.minecraft.diamond_sword":345,"stat.pickup.minecraft.flower_pot":2,"stat.swimOneCm":156198,"stat.climbOneCm":26062,"stat.pickup.minecraft.glowstone":3,"stat.useItem.minecraft.end_rod":73,"stat.useItem.minecraft.redstone_torch":7,"stat.useItem.minecraft.dirt":6885,"stat.useItem.minecraft.stone_slab2":14,"achievement.exploreAllBiomes":{"value":0,"progress":["Plains"]},"stat.drop.minecraft.iron_trapdoor":7,"stat.useItem.minecraft.leaves2":5672,"stat.pickup.minecraft.coal_ore":1,"stat.drop.minecraft.quartz_stairs":3,"stat.pickup.minecraft.quartz_stairs":2,"stat.pickup.minecraft.iron_trapdoor":6,"stat.useItem.minecraft.brick_block":4,"stat.flyOneCm":102882056,"stat.pickup.minecraft.clay":1,"stat.drop.minecraft.heavy_weighted_pressure_plate":1,"stat.timeSinceDeath":10723358,"stat.useItem.minecraft.sign":338,"stat.drop.minecraft.log":4,"stat.useItem.minecraft.wooden_slab":1289,"stat.pickup.minecraft.mutton":10,"stat.useItem.minecraft.iron_door":175,"stat.killEntity.Bat":57,"stat.useItem.minecraft.lever":43,"stat.pickup.minecraft.stonebrick":2,"stat.drop.minecraft.stained_glass":1,"stat.pickup.minecraft.trapdoor":1,"stat.pickup.minecraft.carpet":491,"stat.drop.minecraft.wool":6,"stat.useItem.minecraft.armor_stand":14,"stat.pickup.minecraft.jungle_stairs":4,"stat.useItem.minecraft.sea_lantern":875,"stat.drop.minecraft.jungle_stairs":4,"stat.pickup.minecraft.birch_stairs":1,"stat.sprintOneCm":142675,"stat.pickup.minecraft.paper":1,"stat.drop.minecraft.dark_oak_door":1,"stat.useItem.minecraft.stone_slab":45734,"stat.useItem.minecraft.bed":88,"stat.pickup.minecraft.grass":5,"stat.useItem.minecraft.stone_pressure_plate":34,"stat.drop.minecraft.leaves":5,"stat.useItem.minecraft.diamond_pickaxe":41,"stat.drop.minecraft.cauldron":4,"stat.drop":163,"stat.pickup.minecraft.stone_button":63,"stat.killEntity.Sheep":8,"stat.useItem.minecraft.banner":81,"stat.useItem.minecraft.ladder":28,"stat.useItem.minecraft.birch_stairs":798,"stat.diveOneCm":259671,"stat.drop.minecraft.flower_pot":2,"stat.pickup.minecraft.sign":27,"stat.drop.minecraft.dark_oak_fence":1,"stat.useItem.minecraft.quartz_stairs":3041,"stat.killEntity.Slime":1,"stat.pickup.minecraft.stained_glass_pane":2,"stat.useItem.minecraft.carpet":12660,"stat.useItem.minecraft.heavy_weighted_pressure_plate":41,"stat.useItem.minecraft.stained_glass_pane":8286,"stat.pickup.minecraft.stone_brick_stairs":1,"stat.useItem.minecraft.flower_pot":67,"stat.jump":8580,"stat.useItem.minecraft.iron_trapdoor":1058,"stat.useItem.minecraft.stone_button":468,"stat.drop.minecraft.glowstone":5,"stat.useItem.minecraft.light_weighted_pressure_plate":2,"stat.drop.minecraft.bed":3,"stat.pickup.minecraft.iron_ore":4,"stat.useItem.minecraft.glass":325,"stat.useItem.minecraft.dispenser":1,"stat.useItem.minecraft.sapling":1289,"stat.pickup.minecraft.gold_ore":4,"stat.pickup.minecraft.leaves":5,"stat.damageTaken":240,"stat.pickup.minecraft.leather":10,"stat.useItem.minecraft.stone_brick_stairs":279,"stat.drop.minecraft.stone_button":4,"stat.useItem.minecraft.acacia_door":261,"stat.drop.minecraft.water_bucket":1,"stat.pickup.minecraft.bed":3,"stat.useItem.minecraft.birch_fence":111,"stat.pickup.minecraft.quartz_block":1,"stat.pickup.minecraft.stained_glass":3,"stat.damageDealt":7730,"stat.killEntity.Silverfish":5,"stat.killEntity.Cow":5,"stat.useItem.minecraft.crafting_table":9,"stat.killEntity.Pig":7,"stat.drop.minecraft.painting":1,"stat.walkOneCm":9163991,"stat.useItem.minecraft.chest":131,"stat.drop.minecraft.item_frame":1,"stat.useItem.minecraft.observer":6,"stat.drop.minecraft.birch_stairs":2,"stat.useItem.minecraft.redstone_block":1,"stat.useItem.minecraft.item_frame":186,"stat.useItem.minecraft.birch_fence_gate":1,"stat.pickup.minecraft.stone":6,"stat.useItem.minecraft.spruce_stairs":893,"stat.useItem.minecraft.stained_hardened_clay":29973,"stat.useItem.minecraft.leaves":3310,"stat.drop.minecraft.wooden_slab":4,"stat.pickup.minecraft.ladder":3,"stat.drop.minecraft.deadbush":1,"stat.useItem.minecraft.tripwire_hook":101,"stat.mineBlock.minecraft.stonebrick":1,"stat.killEntity.Chicken":11,"stat.useItem.minecraft.iron_block":926,"stat.mobKills":101,"stat.pickup.minecraft.water_bucket":1,"stat.useItem.minecraft.cobblestone_wall":1523,"stat.drop.minecraft.quartz_block":4,"stat.useItem.minecraft.sandstone":103}