{"stat.beaconInteraction":1,"stat.pickup.minecraft.tripwire_hook":36,"stat.useItem.minecraft.quartz_block":103,"stat.useItem.minecraft.painting":61,"stat.pickup.minecraft.wooden_slab":2,"stat.pickup.minecraft.stone_pressure_plate":5,"stat.pickup.minecraft.bookshelf":1,"stat.pickup.minecraft.spruce_fence_gate":1,"stat.leaveGame":470,"stat.useItem.minecraft.diamond_sword":101,"stat.pickup.minecraft.flower_pot":12,"stat.swimOneCm":222541,"stat.useItem.minecraft.concrete_powder":1,"stat.climbOneCm":13048,"stat.useItem.minecraft.planks":83,"stat.pickup.minecraft.glowstone":1,"stat.pickup.minecraft.glowstone_dust":1,"stat.pickup.minecraft.porkchop":13,"stat.useItem.minecraft.dirt":5,"stat.useItem.minecraft.stone_slab2":180868,"stat.useItem.minecraft.water_bucket":713,"stat.killEntity.Donkey":1,"stat.useItem.minecraft.leaves2":120,"stat.drop.minecraft.quartz_stairs":3,"stat.pickup.minecraft.quartz_stairs":4,"stat.flyOneCm":100892737,"stat.pickup.minecraft.clay":1,"stat.timeSinceDeath":11349358,"stat.hopperInspected":2,"stat.useItem.minecraft.sign":12,"stat.pickup.minecraft.stained_hardened_clay":32,"stat.useItem.minecraft.wooden_slab":43,"stat.pickup.minecraft.mutton":14,"stat.killEntity.Bat":8,"stat.useItem.minecraft.lever":1,"stat.useItem.minecraft.oak_stairs":33,"stat.drop.minecraft.gravel":1,"stat.pickup.minecraft.carpet":326,"stat.pickup.minecraft.trapdoor":2,"stat.drop.minecraft.wool":1,"stat.drop.minecraft.stone_slab":1,"stat.useItem.minecraft.double_plant":13,"stat.pickup.minecraft.beef":12,"stat.drop.minecraft.stained_hardened_clay":4,"stat.useItem.minecraft.sea_lantern":29,"stat.useItem.minecraft.spruce_fence":6,"stat.pickup.minecraft.birch_stairs":1,"stat.pickup.minecraft.cauldron":2,"stat.useItem.minecraft.trapdoor":3,"stat.sprintOneCm":18889,"stat.useItem.minecraft.stained_glass":103,"stat.pickup.minecraft.acacia_door":6,"stat.useItem.minecraft.stone_slab":1578,"stat.useItem.minecraft.cauldron":20,"stat.useItem.minecraft.flint_and_steel":426,"stat.pickup.minecraft.grass":1,"stat.useItem.minecraft.stone_pressure_plate":4,"stat.drop.minecraft.leaves":2,"stat.useItem.minecraft.dye":7,"stat.pickup.minecraft.lever":7,"stat.drop":24,"stat.pickup.minecraft.egg":17,"stat.playOneMinute":11349358,"stat.pickup.minecraft.stone_button":57,"stat.killEntity.Sheep":9,"stat.useItem.minecraft.ladder":2,"stat.pickup.minecraft.glass_pane":1,"stat.pickup.minecraft.item_frame":76,"stat.pickup.minecraft.sea_lantern":2,"stat.useItem.minecraft.birch_stairs":14,"stat.diveOneCm":440105,"stat.chestOpened":9,"stat.pickup.minecraft.sign":36,"stat.drop.minecraft.dark_oak_fence":1,"stat.useItem.minecraft.stone":97,"stat.useItem.minecraft.quartz_stairs":131,"stat.pickup.minecraft.gravel":2,"stat.useItem.minecraft.waterlily":5,"stat.pickup.minecraft.stained_glass_pane":4,"stat.useItem.minecraft.carpet":1625,"stat.useItem.minecraft.heavy_weighted_pressure_plate":1,"stat.useItem.minecraft.stained_glass_pane":373,"stat.useItem.minecraft.flower_pot":1,"stat.jump":10166,"stat.drop.minecraft.stone":1,"stat.drop.minecraft.dye":1,"stat.crouchOneCm":362338,"stat.pickup.minecraft.rail":8,"stat.pickup.minecraft.painting":46,"stat.useItem.minecraft.stone_button":8,"stat.pickup.minecraft.iron_ore":12,"stat.useItem.minecraft.glass":25,"stat.pickup.minecraft.heavy_weighted_pressure_plate":9,"stat.useItem.minecraft.sapling":73,"stat.pickup.minecraft.comparator":1,"stat.pickup.minecraft.repeater":1,"stat.pickup.minecraft.leaves":5,"stat.brewingstandInteraction":1,"stat.pickup.minecraft.leather":8,"stat.pickup.minecraft.feather":2,"stat.pickup.minecraft.dark_oak_fence":1,"stat.drop.minecraft.concrete":1,"stat.useItem.minecraft.acacia_door":3,"stat.pickup.minecraft.dye":1,"stat.pickup.minecraft.planks":2,"stat.pickup.minecraft.reeds":9,"stat.pickup.minecraft.bed":24,"stat.pickup.minecraft.concrete":2,"stat.pickup.minecraft.wheat_seeds":11,"stat.pickup.minecraft.quartz_block":4,"stat.pickup.minecraft.stained_glass":19,"stat.damageDealt":2919,"stat.drop.minecraft.carpet":4,"stat.useItem.minecraft.wool":7,"stat.killEntity.Cow":7,"stat.killEntity.Pig":7,"stat.flowerPotted":88,"stat.pickup.minecraft.flint_and_steel":1,"stat.walkOneCm":10199938,"stat.useItem.minecraft.log":13,"stat.drop.minecraft.tallgrass":1,"stat.useItem.minecraft.gravel":119,"stat.pickup.minecraft.log":1,"stat.useItem.minecraft.item_frame":74,"stat.pickup.minecraft.tallgrass":4,"stat.pickup.minecraft.stone":4,"stat.useItem.minecraft.spruce_stairs":17,"stat.pickup.minecraft.web":1,"stat.pickup.minecraft.chicken":4,"stat.useItem.minecraft.stained_hardened_clay":2293,"stat.pickup.minecraft.sapling":23,"stat.useItem.minecraft.leaves":419,"stat.pickup.minecraft.wooden_door":29,"stat.useItem.minecraft.tallgrass":39,"stat.pickup.minecraft.ladder":4,"stat.pickup.minecraft.banner":2,"stat.useItem.minecraft.glass_pane":4,"stat.useItem.minecraft.tripwire_hook":41,"stat.killEntity.Chicken":3,"stat.useItem.minecraft.iron_block":2,"stat.pickup.minecraft.concrete_powder":1,"stat.mobKills":35,"stat.useItem.minecraft.wooden_door":6,"stat.pickup.minecraft.iron_door":3,"stat.pickup.minecraft.spruce_stairs":1,"stat.pickup.minecraft.red_flower":32,"stat.sneakTime":252760,"stat.pickup.minecraft.wool":13,"stat.drop.minecraft.quartz_block":2,"stat.pickup.minecraft.stone_slab":5,"stat.useItem.minecraft.map":4,"stat.pickup.minecraft.yellow_flower":10,"stat.drop.minecraft.grass":1,"stat.useItem.minecraft.web":15}