{"stats":{"minecraft:mined":{"minecraft:glass":16},"minecraft:crafted":{"minecraft:leather_leggings":1,"minecraft:leather_boots":1,"minecraft:leather_chestplate":1},"minecraft:killed_by":{"minecraft:wither_skeleton":1},"minecraft:dropped":{"minecraft:yellow_concrete":64,"minecraft:barrier":1,"minecraft:grass_block":1,"minecraft:dirt":1,"minecraft:iron_pickaxe":1,"minecraft:player_head":96,"minecraft:chiseled_quartz_block":10,"minecraft:cyan_stained_glass_pane":1,"minecraft:quartz_bricks":1,"minecraft:white_shulker_box":1,"minecraft:diamond_sword":1,"minecraft:andesite":1,"minecraft:stone_pickaxe":1,"minecraft:prismarine_bricks":1,"minecraft:quartz_slab":1},"minecraft:picked_up":{"minecraft:diamond_sword":1,"minecraft:potion":2,"minecraft:shield":1,"minecraft:warped_fence":3,"minecraft:diamond_leggings":1,"minecraft:dark_prismarine_stairs":3,"minecraft:player_head":35,"minecraft:smooth_quartz":3,"minecraft:enchanted_golden_apple":59,"minecraft:cyan_stained_glass_pane":3,"minecraft:arrow":418,"minecraft:diamond_chestplate":1,"minecraft:diamond_boots":1,"minecraft:saddle":1,"minecraft:netherite_chestplate":1,"minecraft:white_shulker_box":4,"minecraft:warped_trapdoor":3,"minecraft:prismarine_bricks":4,"minecraft:bow":1,"minecraft:diamond_helmet":1,"minecraft:prismarine_brick_stairs":3,"minecraft:diorite_wall":3,"minecraft:dark_prismarine":3,"minecraft:quartz_bricks":3,"minecraft:soul_lantern":3,"minecraft:smooth_quartz_slab":3},"minecraft:used":{"minecraft:diorite_stairs":11,"minecraft:stripped_acacia_wood":8,"minecraft:light_blue_stained_glass_pane":13,"minecraft:dead_tube_coral_block":8,"minecraft:cut_red_sandstone_slab":2,"minecraft:armor_stand":7,"minecraft:smooth_quartz_slab":1075,"minecraft:dead_horn_coral_block":6,"minecraft:red_concrete":4,"minecraft:spruce_slab":15,"minecraft:bone_block":5,"minecraft:ladder":33,"minecraft:polished_basalt":65,"minecraft:stripped_warped_stem":4,"minecraft:white_concrete_powder":85,"minecraft:brown_concrete":2,"minecraft:white_shulker_box":4,"minecraft:warped_sign":12,"minecraft:quartz_stairs":1648,"minecraft:stripped_birch_wood":4,"minecraft:grass":22,"minecraft:player_head":12,"minecraft:dried_kelp_block":2,"minecraft:tube_coral":1,"minecraft:brewing_stand":3,"minecraft:anvil":2,"minecraft:dirt":36,"minecraft:ancient_debris":1,"minecraft:red_nether_brick_slab":4,"minecraft:white_carpet":33,"minecraft:blue_stained_glass":9,"minecraft:nether_bricks":5,"minecraft:prismarine_bricks":6514,"minecraft:twisting_vines":1,"minecraft:spruce_stairs":7,"minecraft:prismarine_brick_stairs":917,"minecraft:warped_door":2,"minecraft:oak_wood":669,"minecraft:bee_nest":5,"minecraft:spruce_fence":44,"minecraft:dead_brain_coral_block":6,"minecraft:light_blue_stained_glass":1,"minecraft:stripped_spruce_log":9,"minecraft:milk_bucket":3,"minecraft:polished_diorite":2233,"minecraft:shroomlight":2,"minecraft:red_sandstone_stairs":2,"minecraft:brown_terracotta":4,"minecraft:dark_oak_planks":7,"minecraft:sea_lantern":284,"minecraft:stripped_dark_oak_wood":20,"minecraft:light_gray_stained_glass":12,"minecraft:quartz_pillar":2459,"minecraft:quartz_slab":1480,"minecraft:lantern":38,"minecraft:grass_block":489,"minecraft:warped_fence":1757,"minecraft:quartz_block":138,"minecraft:warped_nylium":6,"minecraft:dark_oak_wood":2,"minecraft:dark_oak_leaves":5302,"minecraft:smooth_quartz":213,"minecraft:diorite_wall":42,"minecraft:prismarine_slab":46,"minecraft:item_frame":1,"minecraft:bedrock":4,"minecraft:basalt":15,"minecraft:birch_trapdoor":3,"minecraft:red_carpet":5,"minecraft:bow":45,"minecraft:snow":13,"minecraft:warped_stairs":19,"minecraft:warped_fungus":1,"minecraft:hay_block":1,"minecraft:iron_trapdoor":36,"minecraft:white_stained_glass_pane":13,"minecraft:oak_sapling":3,"minecraft:podzol":1,"minecraft:polished_diorite_stairs":116,"minecraft:dead_bubble_coral_block":6,"minecraft:turtle_egg":223,"minecraft:enchanted_golden_apple":5,"minecraft:dark_prismarine_stairs":763,"minecraft:quartz_bricks":17802,"minecraft:water_bucket":155,"minecraft:warped_stem":6,"minecraft:diorite":38,"minecraft:end_rod":377,"minecraft:end_stone_bricks":5,"minecraft:spruce_door":1,"minecraft:prismarine_brick_slab":6883,"minecraft:birch_planks":16,"minecraft:stripped_birch_log":4,"minecraft:lead":4,"minecraft:prismarine":244,"minecraft:red_nether_bricks":8,"minecraft:prismarine_stairs":1,"minecraft:birch_wood":10,"minecraft:polished_diorite_slab":212,"minecraft:blackstone":7,"minecraft:sandstone":33,"minecraft:cut_sandstone":5,"minecraft:red_mushroom_block":15,"minecraft:redstone_block":6,"minecraft:cauldron":1,"minecraft:spruce_fence_gate":4,"minecraft:smooth_quartz_stairs":164,"minecraft:conduit":8,"minecraft:polished_blackstone_bricks":19,"minecraft:oak_leaves":11,"minecraft:white_wool":24,"minecraft:sand":86,"minecraft:vine":19,"minecraft:light_blue_concrete":55,"minecraft:dark_prismarine_slab":5650,"minecraft:crafting_table":1,"minecraft:dead_fire_coral_block":7,"minecraft:yellow_concrete":25,"minecraft:dead_bubble_coral":1,"minecraft:sponge":25,"minecraft:chiseled_quartz_block":1727,"minecraft:note_block":8,"minecraft:gray_concrete":5,"minecraft:warped_planks":180,"minecraft:mushroom_stem":17,"minecraft:cyan_stained_glass":325,"minecraft:birch_fence":5,"minecraft:oak_log":10,"minecraft:sticky_piston":2,"minecraft:blue_stained_glass_pane":16,"minecraft:dark_prismarine":1684,"minecraft:lever":2,"minecraft:green_concrete":108,"minecraft:flower_pot":4,"minecraft:black_concrete":24,"minecraft:warped_trapdoor":750,"minecraft:cyan_carpet":31,"minecraft:string":18,"minecraft:barrier":3,"minecraft:warped_slab":48,"minecraft:stone_button":2,"minecraft:cyan_concrete":713,"minecraft:red_terracotta":3,"minecraft:spruce_trapdoor":12,"minecraft:cut_red_sandstone":4,"minecraft:prismarine_wall":2412,"minecraft:soul_lantern":16,"minecraft:stripped_warped_hyphae":18,"minecraft:diamond_sword":2,"minecraft:cobblestone":108,"minecraft:potion":3,"minecraft:cyan_stained_glass_pane":223,"minecraft:warped_fence_gate":60,"minecraft:white_stained_glass":11,"minecraft:andesite":1,"minecraft:bucket":12,"minecraft:chain":68,"minecraft:sea_pickle":12,"minecraft:polished_blackstone_button":8,"minecraft:white_concrete":18,"minecraft:coarse_dirt":1,"minecraft:warped_button":154,"minecraft:diorite_slab":10,"minecraft:soul_torch":1,"minecraft:bone_meal":22,"minecraft:smooth_stone":7,"minecraft:birch_stairs":5},"minecraft:custom":{"minecraft:interact_with_crafting_table":2,"minecraft:fill_cauldron":1,"minecraft:open_shulker_box":4,"minecraft:leave_game":39,"minecraft:time_since_death":2202711,"minecraft:damage_resisted":281,"minecraft:climb_one_cm":8103,"minecraft:sprint_one_cm":404400,"minecraft:walk_one_cm":1862434,"minecraft:drop":27,"minecraft:deaths":6,"minecraft:sneak_time":267335,"minecraft:walk_under_water_one_cm":26361,"minecraft:jump":4876,"minecraft:interact_with_brewingstand":1,"minecraft:walk_on_water_one_cm":80038,"minecraft:play_one_minute":3378844,"minecraft:damage_absorbed":591,"minecraft:time_since_rest":2202765,"minecraft:damage_taken":1467,"minecraft:open_enderchest":4,"minecraft:damage_dealt":99,"minecraft:swim_one_cm":4559,"minecraft:fly_one_cm":40868312,"minecraft:open_chest":6,"minecraft:crouch_one_cm":339331,"minecraft:fall_one_cm":31822}},"DataVersion":2580}