{"stats":{"minecraft:crafted":{"minecraft:leather_leggings":2,"minecraft:leather_boots":1,"minecraft:leather_chestplate":1},"minecraft:custom":{"minecraft:mob_kills":10,"minecraft:interact_with_anvil":2,"minecraft:interact_with_crafting_table":1,"minecraft:fill_cauldron":1,"minecraft:open_shulker_box":8,"minecraft:leave_game":35,"minecraft:time_since_death":109963,"minecraft:climb_one_cm":5712,"minecraft:sprint_one_cm":993561,"minecraft:walk_one_cm":2245697,"minecraft:damage_blocked_by_shield":10,"minecraft:drop":57,"minecraft:deaths":8,"minecraft:sneak_time":244443,"minecraft:walk_under_water_one_cm":88058,"minecraft:jump":7660,"minecraft:interact_with_brewingstand":3,"minecraft:walk_on_water_one_cm":156816,"minecraft:tune_noteblock":1,"minecraft:play_one_minute":3171805,"minecraft:pot_flower":29,"minecraft:time_since_rest":109983,"minecraft:open_enderchest":12,"minecraft:damage_taken":1586,"minecraft:damage_dealt":637,"minecraft:swim_one_cm":3359,"minecraft:fly_one_cm":45250787,"minecraft:open_chest":5,"minecraft:pig_one_cm":616,"minecraft:crouch_one_cm":179954,"minecraft:fall_one_cm":11912},"minecraft:killed":{"minecraft:pig":1,"minecraft:rabbit":2,"minecraft:ghast":5,"minecraft:wither_skeleton":1},"minecraft:picked_up":{"minecraft:lead":3,"minecraft:diamond_sword":1,"minecraft:warped_fence":1,"minecraft:sea_pickle":1,"minecraft:diamond_leggings":2,"minecraft:dark_prismarine_stairs":1,"minecraft:mossy_cobblestone_wall":64,"minecraft:player_head":96,"minecraft:smooth_quartz":1,"minecraft:trident":1,"minecraft:cyan_stained_glass_pane":1,"minecraft:andesite_wall":64,"minecraft:arrow":283,"minecraft:diamond_chestplate":1,"minecraft:diamond_boots":2,"minecraft:netherite_chestplate":2,"minecraft:white_shulker_box":1,"minecraft:netherite_boots":1,"minecraft:water_bucket":1,"minecraft:warped_trapdoor":1,"minecraft:prismarine_bricks":1,"minecraft:cobblestone_wall":64,"minecraft:dirt":64,"minecraft:bow":1,"minecraft:diamond_helmet":1,"minecraft:mossy_stone_brick_wall":64,"minecraft:iron_sword":1,"minecraft:prismarine_brick_stairs":1,"minecraft:diorite_wall":1,"minecraft:yellow_concrete":64,"minecraft:sand":2,"minecraft:dark_prismarine":1,"minecraft:quartz_bricks":1,"minecraft:white_concrete_powder":29,"minecraft:netherite_helmet":1,"minecraft:soul_lantern":1,"minecraft:smooth_quartz_slab":1},"minecraft:used":{"minecraft:diorite_stairs":6,"minecraft:trident":16,"minecraft:netherite_sword":6,"minecraft:jungle_leaves":262,"minecraft:rose_bush":60,"minecraft:iron_bars":6,"minecraft:stone_sword":3,"minecraft:white_tulip":8,"minecraft:smooth_quartz_slab":3688,"minecraft:armor_stand":21,"minecraft:spruce_slab":83,"minecraft:redstone":41,"minecraft:ladder":30,"minecraft:bone_block":6,"minecraft:poppy":20,"minecraft:oak_sign":2,"minecraft:polished_basalt":2,"minecraft:white_concrete_powder":436,"minecraft:spruce_planks":25,"minecraft:chest":8,"minecraft:shield":1,"minecraft:ender_chest":9,"minecraft:stone":181,"minecraft:iron_sword":2,"minecraft:white_shulker_box":3,"minecraft:warped_sign":15,"minecraft:quartz_stairs":2567,"minecraft:grass":438,"minecraft:player_head":34,"minecraft:green_terracotta":23,"minecraft:tube_coral":6,"minecraft:lily_of_the_valley":9,"minecraft:dirt":191,"minecraft:warped_wart_block":8,"minecraft:anvil":1,"minecraft:white_carpet":26,"minecraft:spruce_stairs":64,"minecraft:prismarine_bricks":2733,"minecraft:prismarine_brick_stairs":85,"minecraft:cobblestone_wall":15,"minecraft:allium":7,"minecraft:warped_door":1,"minecraft:oak_wood":354,"minecraft:spruce_fence":93,"minecraft:cyan_wool":11,"minecraft:light_blue_stained_glass":17,"minecraft:azure_bluet":8,"minecraft:stripped_spruce_log":25,"minecraft:polished_diorite":985,"minecraft:fern":5,"minecraft:andesite_wall":7,"minecraft:glass":26,"minecraft:sea_lantern":731,"minecraft:stripped_dark_oak_wood":5,"minecraft:light_gray_stained_glass":21,"minecraft:red_tulip":27,"minecraft:quartz_pillar":2056,"minecraft:quartz_slab":1861,"minecraft:red_wool":1,"minecraft:lantern":40,"minecraft:grass_block":1045,"minecraft:blue_orchid":16,"minecraft:warped_fence":951,"minecraft:quartz_block":230,"minecraft:warped_nylium":3,"minecraft:dark_oak_leaves":1761,"minecraft:polished_blackstone_brick_stairs":27,"minecraft:mossy_cobblestone_slab":174,"minecraft:smooth_quartz":284,"minecraft:diorite_wall":28,"minecraft:crimson_planks":1090,"minecraft:prismarine_slab":27,"minecraft:barrel":37,"minecraft:item_frame":11,"minecraft:bamboo":34,"minecraft:bedrock":130,"minecraft:repeater":13,"minecraft:glowstone":2,"minecraft:warped_stairs":9,"minecraft:snow":15,"minecraft:bow":47,"minecraft:warped_fungus":3,"minecraft:tall_grass":99,"minecraft:iron_trapdoor":2,"minecraft:white_stained_glass_pane":6,"minecraft:oak_sapling":3,"minecraft:podzol":39,"minecraft:minecart":1,"minecraft:polished_diorite_stairs":18,"minecraft:skeleton_skull":2,"minecraft:stone_pressure_plate":2,"minecraft:fire_coral_fan":20,"minecraft:dragon_head":2,"minecraft:turtle_egg":243,"minecraft:mossy_stone_brick_wall":4,"minecraft:seagrass":22,"minecraft:dark_prismarine_stairs":238,"minecraft:golden_axe":14,"minecraft:quartz_bricks":17622,"minecraft:water_bucket":714,"minecraft:mossy_stone_bricks":10,"minecraft:tube_coral_fan":17,"minecraft:diorite":58,"minecraft:end_rod":1608,"minecraft:pink_tulip":13,"minecraft:tube_coral_block":24,"minecraft:spruce_door":1,"minecraft:prismarine_brick_slab":3348,"minecraft:birch_planks":7,"minecraft:prismarine":133,"minecraft:oak_planks":4,"minecraft:prismarine_stairs":13,"minecraft:polished_diorite_slab":237,"minecraft:orange_tulip":11,"minecraft:andesite_slab":103,"minecraft:red_mushroom_block":63,"minecraft:redstone_block":16,"minecraft:cauldron":1,"minecraft:beacon":2,"minecraft:clay":33,"minecraft:smooth_quartz_stairs":18,"minecraft:cracked_stone_bricks":33,"minecraft:conduit":14,"minecraft:polished_blackstone_bricks":18,"minecraft:oak_leaves":139,"minecraft:mossy_cobblestone":4,"minecraft:rabbit_spawn_egg":5,"minecraft:vine":4,"minecraft:sand":52,"minecraft:rail":28,"minecraft:comparator":8,"minecraft:light_blue_concrete":287,"minecraft:dark_prismarine_slab":3641,"minecraft:tnt":1,"minecraft:crafting_table":1,"minecraft:yellow_concrete":213,"minecraft:campfire":7,"minecraft:sponge":29,"minecraft:chiseled_quartz_block":4700,"minecraft:fire_coral":1,"minecraft:infested_stone_bricks":5,"minecraft:spruce_log":15,"minecraft:warped_planks":6,"minecraft:mushroom_stem":9,"minecraft:cyan_stained_glass":1069,"minecraft:flower_pot":40,"minecraft:redstone_torch":4,"minecraft:oak_log":119,"minecraft:sticky_piston":10,"minecraft:blue_stained_glass_pane":3,"minecraft:dark_prismarine":3754,"minecraft:lever":27,"minecraft:green_concrete":11,"minecraft:oxeye_daisy":5,"minecraft:cornflower":9,"minecraft:ghast_spawn_egg":2,"minecraft:warped_trapdoor":650,"minecraft:command_block":34,"minecraft:heavy_weighted_pressure_plate":6,"minecraft:barrier":198,"minecraft:cyan_carpet":21,"minecraft:stone_button":1,"minecraft:string":22,"minecraft:oak_button":18,"minecraft:warped_slab":6,"minecraft:pig_spawn_egg":1,"minecraft:stone_slab":4,"minecraft:cyan_concrete":1431,"minecraft:spruce_trapdoor":107,"minecraft:prismarine_wall":1874,"minecraft:iron_door":1,"minecraft:gravel":25,"minecraft:soul_lantern":12,"minecraft:diamond_sword":3,"minecraft:fire_coral_block":13,"minecraft:cobblestone":383,"minecraft:end_crystal":1,"minecraft:cyan_stained_glass_pane":316,"minecraft:andesite":16,"minecraft:warped_fence_gate":17,"minecraft:white_stained_glass":9,"minecraft:birch_log":3,"minecraft:chain":751,"minecraft:repeating_command_block":20,"minecraft:mossy_cobblestone_wall":5,"minecraft:sea_pickle":164,"minecraft:white_concrete":58,"minecraft:coarse_dirt":193,"minecraft:warped_button":73,"minecraft:dandelion":14,"minecraft:bone_meal":513,"minecraft:diorite_slab":36,"minecraft:soul_torch":2},"minecraft:mined":{"minecraft:glass":10},"minecraft:dropped":{"minecraft:water_bucket":1,"minecraft:iron_sword":2,"minecraft:netherite_chestplate":1,"minecraft:barrier":1,"minecraft:dark_prismarine_slab":1,"minecraft:andesite_wall":64,"minecraft:mossy_cobblestone_wall":64,"minecraft:quartz_pillar":1,"minecraft:chainmail_helmet":2,"minecraft:oxeye_daisy":64,"minecraft:dirt":64,"minecraft:grass":1,"minecraft:diorite":64,"minecraft:cornflower":8,"minecraft:netherite_boots":1,"minecraft:potion":2,"minecraft:prismarine_brick_slab":1,"minecraft:chainmail_leggings":2,"minecraft:pink_tulip":64,"minecraft:netherite_hoe":1,"minecraft:player_head":6,"minecraft:blaze_rod":2,"minecraft:chiseled_quartz_block":1,"minecraft:cobblestone_wall":64,"minecraft:chainmail_chestplate":2,"minecraft:lily_of_the_valley":1,"minecraft:sea_lantern":1,"minecraft:stone":1,"minecraft:sea_pickle":1,"minecraft:trident":1,"minecraft:mossy_stone_brick_wall":64,"minecraft:warped_fence":1,"minecraft:chainmail_boots":1,"minecraft:bow":1,"minecraft:arrow":1,"minecraft:blue_orchid":64,"minecraft:red_tulip":64,"minecraft:white_concrete_powder":2}},"DataVersion":2580}